participant_ID,timepoint_infection_numeric,age,sex,RBD_D614G,RBD_BA.1,RBD_BA.1.1,RBD_BA.5,neut_d614g,neut_BA11
COVEND.001,0,28,M,425.0762551,363.2259994,403.7335187,382.9202484,905.0966799,160
COVEND.001,7,28,M,439.6249699,359.4938831,421.6535072,382.7514626,1280,320
COVEND.001,15,28,M,659.3539474,560.2527302,652.7173854,552.2803283,1810.19336,1810.19336
COVEND.100,0,30,F,477.0950067,345.0845354,463.6656381,447.45552,1280,320
COVEND.042,7,25,M,785.0094772,457.8795186,628.3946042,546.3427048,5120,640
COVEND.100,7,30,F,530.8233731,391.0077675,526.3482808,501.8313867,1280,320
COVEND.100,15,30,F,870.062987,700.140913,890.1643268,843.8588946,7240.773439,2560
COVEND.101,7,25,F,571.8075726,314.5821912,421.4906292,388.6599764,1810.19336,56.56854249
COVEND.101,15,25,F,547.6149231,342.3135308,468.431105,444.0648745,1810.19336,452.54834
COVEND.102,15,60,M,1392.592354,1060.857725,1378.893833,1226.59224,10240,16254.98677
COVEND.015,7,58,M,387.5864914,240.6394134,316.306809,309.3532088,905.0966799,113.137085
COVEND.015,15,58,M,819.0744795,608.2641402,777.8361924,812.6459643,6450.795775,5120
IHCV2020.031,7,25,F,533.8701935,419.3365603,530.6639813,564.2734201,1810.19336,905.0966799
COVEND.004,7,37,F,589.8605468,454.5558753,591.3228522,515.2351114,2560,905.0966799
COVEND.004,15,37,F,577.761571,474.5714614,579.6148914,521.2044418,1810.19336,905.0966799
COVEND.007,7,33,F,480.6058601,371.7815377,479.566243,489.6092703,1810.19336,1280
COVEND.003,7,32,F,750.4682618,628.3208693,770.7761895,762.7970117,5120,1810.19336
COVEND.007,15,33,F,681.0350866,522.4181425,665.206417,688.4042128,2560,3620.38672
COVEND.003,15,32,F,796.8831333,668.2901127,836.2213131,849.6264206,7240.773439,10240
COVEND.003,45,33,F,771.1055644,655.4618783,822.0392406,832.3172011,7240.773439,10240
COVEND.004,45,38,F,519.2568247,419.718048,554.2673108,461.8775778,2560,905.0966799
COVEND.005,0,32,M,490.8176973,361.7346965,450.0939725,389.1619427,1280,640
COVEND.007,45,35,F,845.3301097,676.3579746,844.2271461,881.7320956,3620.38672,3620.38672
COVEND.010,45,26,F,968.528682,804.4738861,984.1922032,1022.666451,8127.493386,7240.773439
COVEND.017,7,25,F,274.3084043,196.9844496,264.690839,238.9703412,320,226.27417
COVEND.017,15,25,F,983.5547369,665.2196533,900.6821437,1000.932412,5120,5120
COVEND.028,0,46,M,460.5280702,349.8513868,447.6490909,368.2453379,2560,905.0966799
COVEND.030,0,44,M,251.6008927,155.0509047,200.7809605,163.9286765,806.3494719,56.56854249
COVEND.030,7,44,M,498.8917345,395.8108188,485.6511188,454.2272149,5120,905.0966799
COVEND.028,7,46,M,485.4224991,380.3408216,492.0994171,432.9495002,2560,905.0966799
COVEND.028,15,46,M,1054.170831,807.0873862,980.3302296,967.955135,7240.773439,3620.38672
COVEND.032,0,36,F,198.9421326,158.005999,193.9424602,108.7247521,320,40
COVEND.017,45,25,F,1017.417322,788.0435958,916.7758793,947.3055862,3620.38672,3620.38672
COVEND.030,15,44,M,656.5987684,549.2759845,677.9900025,639.744674,3620.38672,1810.19336
COVEND.040,0,28,F,483.1249936,369.9448247,484.5793969,426.9336661,2560,640
COVEND.028,45,46,M,1644.609461,1362.994984,1543.156499,1574.065039,20480,7240.773439
COVEND.030,45,44,M,937.2291806,764.5728292,929.4509415,937.7585,10240,7240.773439
COVEND.032,7,36,F,208.3318578,146.8092891,185.5107567,115.5595443,905.0966799,40
COVEND.032,15,36,F,630.3742527,478.2753278,600.2745636,538.6294427,3620.38672,1280
COVEND.040,7,28,F,527.1057831,402.523767,553.2405866,487.3311405,2560,905.0966799
COVEND.011,7,50,M,863.4863883,600.3718953,776.4688282,725.5049805,5120,640
COVEND.005,7,32,M,813.7604896,631.1654983,735.778337,810.7591877,7240.773439,2560
COVEND.040,15,28,F,841.9207244,607.3158655,805.1569007,758.8975609,2560,1280
COVEND.011,15,50,M,1075.671155,763.7863848,1011.918184,882.1412732,3620.38672,1280
COVEND.005,15,32,M,1285.326002,884.9754998,1110.218852,1197.315605,14481.54688,7240.773439
COVEND.004,0,37,F,638.4306592,479.9999792,631.459672,533.2680864,4063.746693,1280
COVEND.015,0,58,M,550.4586345,356.786136,467.6894531,451.9580153,905.0966799,56.56854249
IHCV2020.031,0,25,F,357.0862347,282.3717796,369.9340566,350.4423094,905.0966799,160
COVEND.007,0,33,F,334.9327046,230.9420715,313.8700215,295.1701955,905.0966799,160
COVEND.003,0,32,F,492.1043022,361.4008062,467.5363744,450.1775574,1280,320
COVEND.010,0,25,F,760.1193991,553.2878228,753.5717678,637.1323063,4305.389646,1280
COVEND.011,0,50,M,1059.076457,705.3585957,990.8499543,836.5562527,7240.773439,1015.936673