participant_ID,timepoint_infection_numeric,age,sex,RBD_D614G,RBD_BA.1,RBD_BA.1.1,RBD_BA.5,neut_d614g,neut_BA11
COVEND.001,0,28,M,425.0762551,363.2259994,403.7335187,382.9202484,905.0966799,160
COVEND.001,7,28,M,439.6249699,359.4938831,421.6535072,382.7514626,1280,320
COVEND.001,15,28,M,659.3539474,560.2527302,652.7173854,552.2803283,1810.19336,1810.19336
COVEND.003,7,32,F,750.4682618,628.3208693,770.7761895,762.7970117,5120,1810.19336
COVEND.003,15,32,F,796.8831333,668.2901127,836.2213131,849.6264206,7240.773439,10240
COVEND.003,45,33,F,771.1055644,655.4618783,822.0392406,832.3172011,7240.773439,10240
COVEND.003,0,32,F,492.1043022,361.4008062,467.5363744,450.1775574,1280,320
COVEND.004,7,37,F,589.8605468,454.5558753,591.3228522,515.2351114,2560,905.0966799
COVEND.004,15,37,F,577.761571,474.5714614,579.6148914,521.2044418,1810.19336,905.0966799
COVEND.004,45,38,F,519.2568247,419.718048,554.2673108,461.8775778,2560,905.0966799
COVEND.004,0,37,F,638.4306592,479.9999792,631.459672,533.2680864,4063.746693,1280
COVEND.005,0,32,M,490.8176973,361.7346965,450.0939725,389.1619427,1280,640
COVEND.005,7,32,M,813.7604896,631.1654983,735.778337,810.7591877,7240.773439,2560
COVEND.005,15,32,M,1285.326002,884.9754998,1110.218852,1197.315605,14481.54688,7240.773439
COVEND.007,7,33,F,480.6058601,371.7815377,479.566243,489.6092703,1810.19336,1280
COVEND.007,15,33,F,681.0350866,522.4181425,665.206417,688.4042128,2560,3620.38672
COVEND.007,45,35,F,845.3301097,676.3579746,844.2271461,881.7320956,3620.38672,3620.38672
COVEND.007,0,33,F,334.9327046,230.9420715,313.8700215,295.1701955,905.0966799,160
COVEND.010,45,26,F,968.528682,804.4738861,984.1922032,1022.666451,8127.493386,7240.773439
COVEND.010,0,25,F,760.1193991,553.2878228,753.5717678,637.1323063,4305.389646,1280
COVEND.011,7,50,M,863.4863883,600.3718953,776.4688282,725.5049805,5120,640
COVEND.011,15,50,M,1075.671155,763.7863848,1011.918184,882.1412732,3620.38672,1280
COVEND.011,0,50,M,1059.076457,705.3585957,990.8499543,836.5562527,7240.773439,1015.936673
COVEND.015,7,58,M,387.5864914,240.6394134,316.306809,309.3532088,905.0966799,113.137085
COVEND.015,15,58,M,819.0744795,608.2641402,777.8361924,812.6459643,6450.795775,5120
COVEND.015,0,58,M,550.4586345,356.786136,467.6894531,451.9580153,905.0966799,56.56854249
COVEND.017,7,25,F,274.3084043,196.9844496,264.690839,238.9703412,320,226.27417
COVEND.017,15,25,F,983.5547369,665.2196533,900.6821437,1000.932412,5120,5120
COVEND.028,0,46,M,460.5280702,349.8513868,447.6490909,368.2453379,2560,905.0966799
COVEND.028,7,46,M,485.4224991,380.3408216,492.0994171,432.9495002,2560,905.0966799
COVEND.028,15,46,M,1054.170831,807.0873862,980.3302296,967.955135,7240.773439,3620.38672